0582_GX010018.MP4	2026:09:29 18:36:54	70.5	191590648
0582_GX010019.MP4	2026:09:29 18:38:10	17.6	35740575
3778_GX010014.MP4	2026:09:29 18:38:35	16.3	34743204
0582_GX010020.MP4	2026:09:29 18:39:49	23.2	70959679
3778_GX010015.MP4	2026:09:29 18:39:56	15.8	45884309
3778_GX010016.MP4	2026:09:29 18:40:43	16.1	51725416
0582_GX010021.MP4	2026:09:29 18:40:43	16.2	40737211
3778_GX010017.MP4	2026:09:29 18:41:07	18.2	47470543
0582_GX010022.MP4	2026:09:29 18:41:07	18.2	53353776
0582_GX010023.MP4	2026:09:29 18:41:36	16.6	42510474
3778_GX010018.MP4	2026:09:29 18:41:36	16.7	53110384
3778_GX010019.MP4	2026:09:29 18:41:59	21.5	60926504
0582_GX010024.MP4	2026:09:29 18:41:59	21.5	64497798
3778_GX010020.MP4	2026:09:29 18:42:58	13.3	37189441
0582_GX010025.MP4	2026:09:29 18:42:58	13.3	42873203
3778_GX010021.MP4	2026:09:29 18:43:16	13.3	43068696
0582_GX010026.MP4	2026:09:29 18:43:16	13.4	34488145
0582_GX010027.MP4	2026:09:29 18:43:46	16.4	48250840
3778_GX010022.MP4	2026:09:29 18:43:46	16.4	53362229
3778_GX010023.MP4	2026:09:29 18:44:06	17.7	54140003
0582_GX010028.MP4	2026:09:29 18:44:06	17.7	55109536
3778_GX010024.MP4	2026:09:29 18:44:28	14.1	39709745
0582_GX010029.MP4	2026:09:29 18:44:28	14.1	46477830
3778_GX010025.MP4	2026:09:29 18:44:56	13.8	38292850
0582_GX010030.MP4	2026:09:29 18:44:56	13.9	43925662
3778_GX010026.MP4	2026:09:29 18:45:14	16.3	56875858
0582_GX010031.MP4	2026:09:29 18:45:14	16.4	43671447
3778_GX010027.MP4	2026:09:29 18:45:34	15.6	50824574
0582_GX010032.MP4	2026:09:29 18:45:34	15.7	49459738
3778_GX010028.MP4	2026:09:29 18:45:57	12.1	36057920
0582_GX010033.MP4	2026:09:29 18:45:58	12.0	42441260
0582_GX010034.MP4	2026:09:29 18:46:14	16.1	42684343
3778_GX010029.MP4	2026:09:29 18:46:14	16.1	57043820
0582_GX010035.MP4	2026:09:29 18:46:47	13.4	35993924
3778_GX010030.MP4	2026:09:29 18:46:47	13.7	49895008
3778_GX010031.MP4	2026:09:29 18:47:05	13.3	40548457
0582_GX010036.MP4	2026:09:29 18:47:05	13.3	46480165
3778_GX010032.MP4	2026:09:29 18:47:23	13.8	49723477
0582_GX010037.MP4	2026:09:29 18:47:23	13.9	38509155
0582_GX010038.MP4	2026:09:29 18:47:39	12.0	33464772
3778_GX010033.MP4	2026:09:29 18:47:39	12.3	41864422
3778_GX010034.MP4	2026:09:29 18:47:55	12.4	36918385
0582_GX010039.MP4	2026:09:29 18:47:55	12.6	43205761
