demo,cam,clip,tracked,slam,in_dataset,duration,first_track,jumps_3cm,v95,condition,note
1,0582,GX010020.MP4,0.0,no trajectory (SLAM gave up or timed out),False,,,,,belt 20,
1,3778,GX010015.MP4,0.0,no trajectory (SLAM gave up or timed out),False,,,,,belt 20,
2,0582,GX010021.MP4,0.0,no trajectory (SLAM gave up or timed out),False,,,,,belt 20,
2,3778,GX010016.MP4,0.271,ok,False,16.0,,0.323,2.9,belt 20,
3,0582,GX010022.MP4,0.0,no trajectory (SLAM gave up or timed out),False,,,,,belt 20,
3,3778,GX010017.MP4,0.309,ok,True,18.2,7.5,0.312,2.14,belt 20,
4,0582,GX010023.MP4,0.0,no trajectory (SLAM gave up or timed out),False,,,,,belt 20,
4,3778,GX010018.MP4,0.0,no trajectory (SLAM gave up or timed out),False,,,,,belt 20,
5,0582,GX010024.MP4,0.0,no trajectory (SLAM gave up or timed out),False,,,,,belt 20,
5,3778,GX010019.MP4,0.0,no trajectory (SLAM gave up or timed out),False,,,,,belt 20,
6,0582,GX010025.MP4,0.27,ok,False,13.3,,0.224,3.21,belt 40,
6,3778,GX010020.MP4,0.158,ok,False,9.3,,0.0,0.0,belt 40,
7,0582,GX010026.MP4,0.0,no trajectory (SLAM gave up or timed out),False,,,,,belt 40,
7,3778,GX010021.MP4,0.318,ok,False,13.3,,0.304,2.56,belt 40,
8,0582,GX010027.MP4,0.0,no trajectory (SLAM gave up or timed out),False,,,,,belt 40,
8,3778,GX010022.MP4,0.0,no trajectory (SLAM gave up or timed out),False,,,,,belt 40,
9,0582,GX010028.MP4,0.314,ok,False,17.7,,0.186,2.39,belt 40,
9,3778,GX010023.MP4,0.0,no trajectory (SLAM gave up or timed out),False,,,,,belt 40,
10,0582,GX010029.MP4,0.23,ok,False,14.1,,0.304,245.71,belt 40,
10,3778,GX010024.MP4,1.0,ok,True,14.1,0.0,0.001,0.65,belt 40,
11,0582,GX010030.MP4,0.0,no trajectory (SLAM gave up or timed out),False,,,,,belt 60,
11,3778,GX010025.MP4,0.0,no trajectory (SLAM gave up or timed out),False,,,,,belt 60,
12,0582,GX010031.MP4,0.297,ok,False,16.4,,0.148,0.84,belt 60,
12,3778,GX010026.MP4,0.0,no trajectory (SLAM gave up or timed out),False,,,,,belt 60,
13,0582,GX010032.MP4,0.0,no trajectory (SLAM gave up or timed out),False,,,,,belt 60,
13,3778,GX010027.MP4,0.0,no trajectory (SLAM gave up or timed out),False,,,,,belt 60,
14,0582,GX010033.MP4,0.0,no trajectory (SLAM gave up or timed out),False,,,,,belt 60,
14,3778,GX010028.MP4,0.0,no trajectory (SLAM gave up or timed out),False,,,,,belt 60,
15,0582,GX010034.MP4,0.0,no trajectory (SLAM gave up or timed out),False,,,,,belt 60,
15,3778,GX010029.MP4,0.0,no trajectory (SLAM gave up or timed out),False,,,,,belt 60,
16,0582,GX010035.MP4,0.0,no trajectory (SLAM gave up or timed out),False,,,,,belt 80,
16,3778,GX010030.MP4,0.0,no trajectory (SLAM gave up or timed out),False,,,,,belt 80,
17,0582,GX010036.MP4,0.142,ok,False,11.6,,0.036,0.21,belt 80,
17,3778,GX010031.MP4,0.0,no trajectory (SLAM gave up or timed out),False,,,,,belt 80,
18,0582,GX010037.MP4,0.0,no trajectory (SLAM gave up or timed out),False,,,,,belt 80,
18,3778,GX010032.MP4,0.151,ok,False,11.6,,0.048,0.0,belt 80,
19,0582,GX010038.MP4,0.0,no trajectory (SLAM gave up or timed out),False,,,,,belt 80,
19,3778,GX010033.MP4,0.0,no trajectory (SLAM gave up or timed out),False,,,,,belt 80,
20,0582,GX010039.MP4,0.0,no trajectory (SLAM gave up or timed out),False,,,,,belt 80,
20,3778,GX010034.MP4,1.0,ok,True,12.4,0.0,0.001,0.7,belt 80,
